Seção;Título original SP;Página do PDF (numeração impressa);Título no guia Aracaju;Identificador;Situação da adaptação
1;SECRETARIA MUNICIPAL DE FINANÇAS E DESENVOLVIMENTO ECONÔMICO - SF;1;Secretaria Municipal da Fazenda;capitulo-01;Seção incluída
1;O que faz a SF e quais são suas unidades?;1;O que faz a SEMFAZ e como localizar suas áreas?;pergunta-001;Orientação geral / consultar serviço oficial
1;Quais são as unidades da SUREM?;1;Como localizar os setores de administração tributária?;pergunta-002;Orientação geral / consultar serviço oficial
1;Quais são os tributos administrados pela SUREM - SF?;2;Quais são os tributos municipais tratados pela SEMFAZ?;pergunta-003;Orientação geral / consultar serviço oficial
1;Qual a legislação sobre os tributos administrados pela SUREM - SF?;2;Onde consultar a legislação tributária de Aracaju?;pergunta-004;Orientação geral / consultar serviço oficial
2;IMPOSTO PREDIAL E TERRITORIAL URBANO - IPTU;3;Cálculo e pagamento do IPTU;capitulo-02;Seção incluída
2;O que é o IPTU?;3;O que é o IPTU?;pergunta-006;Orientação geral / consultar serviço oficial
2;O que é imóvel construído e imóvel não construído?;3;O que é imóvel construído e imóvel não construído?;pergunta-007;Orientação geral / consultar serviço oficial
2;O IPTU pode ser cobrado de imóveis irregulares?;3;O IPTU pode ser cobrado de imóveis irregulares?;pergunta-008;Orientação geral / consultar serviço oficial
2;O que é excesso de área ou área de terreno não incorporada?;3;O que é excesso de área ou área de terreno não incorporada?;pergunta-009;Confirmar regra local
2;Como é feito o cálculo do IPTU?;4;Como é feito o cálculo do IPTU?;pergunta-010;Orientação geral / consultar serviço oficial
2;O que é o valor venal do imóvel?;4;O que é o valor venal do imóvel?;pergunta-011;Orientação geral / consultar serviço oficial
2;Como é calculado o valor venal do terreno?;4;Como é calculado o valor venal do terreno?;pergunta-012;Orientação geral / consultar serviço oficial
2;Como é calculado o valor venal da construção?;4;Como é calculado o valor venal da construção?;pergunta-013;Orientação geral / consultar serviço oficial
2;Como é atualizado o valor venal do imóvel e o valor do IPTU?;5;Como é atualizado o valor venal do imóvel e o valor do IPTU?;pergunta-014;Orientação geral / consultar serviço oficial
2;O que é e como obter o calendário do IPTU?;5;O que é e como obter o calendário do IPTU?;pergunta-015;Orientação geral / consultar serviço oficial
2;Como, quando e onde é feita a entrega das notificações do IPTU?;6;Como, quando e onde é feita a entrega das notificações do IPTU?;pergunta-016;Confirmar regra local
2;Como emitir a 2ª via da notificação do IPTU?;6;Como emitir a 2ª via da notificação do IPTU?;pergunta-017;Orientação geral / consultar serviço oficial
2;Qual é o dia de vencimento do IPTU?;6;Qual é o dia de vencimento do IPTU?;pergunta-018;Orientação geral / consultar serviço oficial
2;Quem é responsável pela pontualidade dos pagamentos?;6;Quem é responsável pela pontualidade dos pagamentos?;pergunta-019;Orientação geral / consultar serviço oficial
2;Quem é o contribuinte do IPTU?;6;Quem é o contribuinte do IPTU?;pergunta-020;Orientação geral / consultar serviço oficial
2;Qual o valor a pagar após o vencimento do IPTU?;7;Qual o valor a pagar após o vencimento do IPTU?;pergunta-021;Orientação geral / consultar serviço oficial
2;Quais os outros custos a pagar após a inscrição do débito do IPTU na Dívida Ativa?;7;Quais os outros custos a pagar após a inscrição do débito do IPTU na Dívida Ativa?;pergunta-022;Orientação geral / consultar serviço oficial
2;Qual a vantagem de pagar o IPTU de uma só vez?;7;Qual a vantagem de pagar o IPTU de uma só vez?;pergunta-023;Orientação geral / consultar serviço oficial
2;Como pagar o IPTU?;7;Como pagar o IPTU?;pergunta-024;Orientação geral / consultar serviço oficial
2;Onde pagar o IPTU?;8;Onde pagar o IPTU?;pergunta-025;Orientação geral / consultar serviço oficial
2;Como emitir a 2ª via da guia de recolhimento do IPTU?;8;Como emitir a 2ª via da guia de recolhimento do IPTU?;pergunta-026;Orientação geral / consultar serviço oficial
3;PRINCIPAIS SERVIÇOS RELACIONADOS A IMÓVEIS E IPTU;9;Serviços relacionados a imóveis e IPTU;capitulo-03;Seção incluída
3;Como consultar se o imóvel tem dívidas do IPTU?;9;Como consultar se o imóvel tem dívidas do IPTU?;pergunta-028;Orientação geral / consultar serviço oficial
3;Como reclamar de incorreções de dados do IPTU?;9;Como reclamar de incorreções de dados do IPTU?;pergunta-029;Orientação geral / consultar serviço oficial
3;O que fazer se na Notificação de Lançamento do IPTU o imóvel aparecer com valor acima do real?;9;O que fazer se na Notificação de Lançamento do IPTU o imóvel aparecer com valor acima do real?;pergunta-030;Orientação geral / consultar serviço oficial
3;Como solicitar uma avaliação especial do imóvel?;9;Como solicitar uma avaliação especial do imóvel?;pergunta-031;Confirmar regra local
3;Como fornecer outro endereço para entrega do IPTU, de imóvel construído, nos anos seguintes?;10;Como fornecer outro endereço para entrega do IPTU, de imóvel construído, nos anos seguintes?;pergunta-032;Orientação geral / consultar serviço oficial
3;O que deve fazer a administradora de imóveis para receber as notificações do IPTU de seus clientes?;11;O que deve fazer a administradora de imóveis para receber as notificações do IPTU de seus clientes?;pergunta-033;Confirmar regra local
3;Onde as administradoras de imóveis deverão entregar os documentos e receber as notificações do IPTU de seus clientes?;11;Onde as administradoras de imóveis deverão entregar os documentos e receber as notificações do IPTU de seus clientes?;pergunta-034;Confirmar regra local
3;Como obter informações sobre denominação atual e/ou anterior de vias públicas do cadastro de logradouros?;12;Como obter informações sobre denominação atual e/ou anterior de vias públicas do cadastro de logradouros?;pergunta-035;Orientação geral / consultar serviço oficial
3;Como obter o número do contribuinte (SQL)?;12;Como obter a inscrição imobiliária do imóvel?;pergunta-036;Orientação geral / consultar serviço oficial
3;Como cadastrar os imóveis rurais?;12;Como cadastrar os imóveis rurais?;pergunta-037;Confirmar regra local
3;Como deve proceder o proprietário do imóvel para não se submeter à cobrança do IPTU progressivo?;13;Como deve proceder o proprietário do imóvel para não se submeter à cobrança do IPTU progressivo?;pergunta-038;Confirmar regra local
3;Como esclarecer dúvidas?;13;Como esclarecer dúvidas?;pergunta-039;Orientação geral / consultar serviço oficial
4;DOCUMENTOS NECESSÁRIOS A SEREM INCLUÍDOS NOS PRINCIPAIS PEDIDOS RELACIONADOS A IMÓVEIS E IPTU;13;Documentos para solicitações imobiliárias;capitulo-04;Seção incluída
4;Quais os documentos necessários a serem incluídos em todo e qualquer pedido relacionado a IPTU e imóveis?;14;Quais os documentos necessários a serem incluídos em todo e qualquer pedido relacionado a IPTU e imóveis?;pergunta-041;Orientação geral / consultar serviço oficial
4;Quais os demais documentos a serem incluídos nos pedidos de alteração de dados físicos do imóvel?;14;Quais os demais documentos a serem incluídos nos pedidos de alteração de dados físicos do imóvel?;pergunta-042;Orientação geral / consultar serviço oficial
4;Quais os demais documentos a serem incluídos nos pedidos de Desdobro Fiscal de Imóvel Construído?;14;Quais os demais documentos a serem incluídos nos pedidos de Desdobro Fiscal de Imóvel Construído?;pergunta-043;Confirmar regra local
4;Quais os demais documentos a serem incluídos nos pedidos de Desdobro Fiscal de Terreno?;14;Quais os demais documentos a serem incluídos nos pedidos de Desdobro Fiscal de Terreno?;pergunta-044;Confirmar regra local
4;Quais os demais documentos a serem incluídos nos pedidos de Desdobro Fiscal de Apartamento ou Garagem determinada?;14;Quais os demais documentos a serem incluídos nos pedidos de Desdobro Fiscal de Apartamento ou Garagem determinada?;pergunta-045;Confirmar regra local
4;Quais os demais documentos a serem incluídos nos pedidos de Englobamento Fiscal?;15;Quais os demais documentos a serem incluídos nos pedidos de Englobamento Fiscal?;pergunta-046;Confirmar regra local
4;Como quitar a parte da dívida correspondente à sua fração do imóvel desdobrado, englobado ou remembrado?;15;Como quitar a parte da dívida correspondente à sua fração do imóvel desdobrado, englobado ou remembrado?;pergunta-047;Confirmar regra local
5;INSCRIÇÃO IMOBILIÁRIA E ATUALIZAÇÃO DE DADOS CADASTRAIS;15;Inscrição imobiliária e atualização cadastral;capitulo-05;Seção incluída
5;Por que fazer a inscrição imobiliária e atualizar os dados do imóvel e do proprietário ou do possuidor ou do titular do domínio útil?;15;Por que fazer a inscrição imobiliária e atualizar os dados do imóvel e do proprietário ou do possuidor ou do titular do domínio útil?;pergunta-049;Orientação geral / consultar serviço oficial
5;Quando o proprietário, o possuidor ou o titular do domínio útil de um imóvel deve fazer uma declaração para incluir dados de um novo imóvel no cadastro imobiliário fiscal?;16;Quando o proprietário, o possuidor ou o titular do domínio útil de um imóvel deve fazer uma declaração para incluir dados de um novo imóvel no cadastro imobiliário fiscal?;pergunta-050;Confirmar regra local
5;Quando o proprietário, o possuidor ou o titular do domínio útil de um imóvel deve fazer uma declaração para alterar dados de um imóvel já inscrito no cadastro imobiliário fiscal?;17;Quando o proprietário, o possuidor ou o titular do domínio útil de um imóvel deve fazer uma declaração para alterar dados de um imóvel já inscrito no cadastro imobiliário fiscal?;pergunta-051;Confirmar regra local
5;Qual o procedimento para fazer a atualização cadastral?;17;Qual o procedimento para fazer a atualização cadastral?;pergunta-052;Orientação geral / consultar serviço oficial
5;Quais os documentos de comprovação de propriedade aceitos para atualização de dados?;18;Quais os documentos de comprovação de propriedade aceitos para atualização de dados?;pergunta-053;Orientação geral / consultar serviço oficial
5;Quais os documentos necessários para protocolar as principais solicitações de alteração de dados cadastrais?;18;Quais os documentos necessários para protocolar as principais solicitações de alteração de dados cadastrais?;pergunta-054;Orientação geral / consultar serviço oficial
5;Em que a atualização dos dados cadastrais interfere na transferência de propriedade do imóvel?;19;Em que a atualização dos dados cadastrais interfere na transferência de propriedade do imóvel?;pergunta-055;Orientação geral / consultar serviço oficial
6;DESCONTOS E INCENTIVOS FISCAIS;19;Descontos e incentivos fiscais;capitulo-06;Seção incluída
6;Quais os descontos que podem ser concedidos para o IPTU?;19;Quais os descontos que podem ser concedidos para o IPTU?;pergunta-057;Orientação geral / consultar serviço oficial
6;Como e onde solicitar desconto do IPTU?;20;Como e onde solicitar desconto do IPTU?;pergunta-058;Confirmar regra local
6;O que é necessário para obter os incentivos fiscais para abatimento do Imposto Territorial Urbano sobre imóveis de propriedade das agremiações, federações e confederações desportivas sediadas no Município de São Paulo?;20;Como verificar incentivos para agremiações, federações e confederações esportivas?;pergunta-059;Confirmar regra local
6;Em que situação poderá ser concedido incentivo fiscal para a realização de projetos culturais?;21;Em que situação poderá ser concedido incentivo fiscal para a realização de projetos culturais?;pergunta-060;Confirmar regra local
6;Quais outros incentivos fiscais previstos na legislação?;21;Quais outros incentivos fiscais previstos na legislação?;pergunta-061;Confirmar regra local
7;ISENÇÕES, IMUNIDADES E REMISSÔES DO IPTU;22;Isenção, imunidade e remissão do IPTU;capitulo-07;Seção incluída
7;Qual a condição para solicitar isenção do IPTU?;22;Qual a condição para solicitar isenção do IPTU?;pergunta-063;Confirmar regra local
7;Quem pode ser isento do Imposto Predial?;22;Quem pode ser isento do Imposto Predial?;pergunta-064;Confirmar regra local
7;Quem pode ser isento do Imposto Territorial Urbano?;23;Quem pode ser isento do Imposto Territorial Urbano?;pergunta-065;Confirmar regra local
7;Quem pode ser isento do IPTU (tanto do Imposto Predial quanto do Imposto Territorial)?;23;Quem pode ser isento do IPTU (tanto do Imposto Predial quanto do Imposto Territorial)?;pergunta-066;Confirmar regra local
7;O que é necessário para o aposentado, pensionista ou beneficiário de renda mensal vitalícia solicitar a isenção do IPTU?;24;O que é necessário para o aposentado, pensionista ou beneficiário de renda mensal vitalícia solicitar a isenção do IPTU?;pergunta-067;Confirmar regra local
7;O que é necessário para as Entidades Culturais solicitarem a isenção do Imposto Predial?;25;O que é necessário para as Entidades Culturais solicitarem a isenção do Imposto Predial?;pergunta-068;Confirmar regra local
7;O que é necessário para as Sociedades Amigos de Bairros solicitarem a isenção do Imposto Predial?;26;O que é necessário para as Sociedades Amigos de Bairros solicitarem a isenção do Imposto Predial?;pergunta-069;Confirmar regra local
7;O que é necessário para as Agremiações Desportivas solicitarem a isenção do Imposto Predial?;26;O que é necessário para as Agremiações Desportivas solicitarem a isenção do Imposto Predial?;pergunta-070;Confirmar regra local
7;O que é necessário para os imóveis utilizados como templos de qualquer culto solicitarem isenção do IPTU?;27;O que é necessário para os imóveis utilizados como templos de qualquer culto solicitarem isenção do IPTU?;pergunta-071;Confirmar regra local
7;O que é necessário para solicitar a isenção decorrente de enchentes e alagamentos?;27;O que é necessário para solicitar a isenção decorrente de enchentes e alagamentos?;pergunta-072;Confirmar regra local
7;O que é necessário para solicitar a isenção do IPTU para os imóveis utilizados como salas de exibição de cinematecas e cineclubes?;28;O que é necessário para solicitar a isenção do IPTU para os imóveis utilizados como salas de exibição de cinematecas e cineclubes?;pergunta-073;Confirmar regra local
7;Quais imóveis podem solicitar reconhecimento de imunidade do IPTU?;28;Quais imóveis podem solicitar reconhecimento de imunidade do IPTU?;pergunta-074;Orientação geral / consultar serviço oficial
7;O que é necessário para solicitar o reconhecimento da imunidade do IPTU?;29;O que é necessário para solicitar o reconhecimento da imunidade do IPTU?;pergunta-075;Confirmar regra local
7;Em que caso a Prefeitura poderá perdoar a dívida de IPTU?;29;Em que caso a Prefeitura poderá perdoar a dívida de IPTU?;pergunta-076;Confirmar regra local
7;Onde solicitar informações sobre o andamento dos processos de pedido de isenção e de imunidade?;30;Onde solicitar informações sobre o andamento dos processos de pedido de isenção e de imunidade?;pergunta-077;Orientação geral / consultar serviço oficial
8;IMPOSTO SOBRE TRANSMISSÃO DE BENS IMÓVEIS – ITBI;30;Transmissão de imóveis e ITBI;capitulo-08;Seção incluída
8;O que é o ITBI?;30;O que é o ITBI?;pergunta-079;Orientação geral / consultar serviço oficial
8;O que é transmissão “inter-vivos”?;30;O que é transmissão “inter-vivos”?;pergunta-080;Orientação geral / consultar serviço oficial
8;O que é ato oneroso?;30;O que é ato oneroso?;pergunta-081;Orientação geral / consultar serviço oficial
8;Em quais negócios “inter-vivos” e onerosos o ITBI é devido?;30;Em quais negócios “inter-vivos” e onerosos o ITBI é devido?;pergunta-082;Orientação geral / consultar serviço oficial
8;Quem deve pagar o ITBI?;31;Quem deve pagar o ITBI?;pergunta-083;Confirmar regra local
8;Como é feito o cálculo do ITBI?;31;Como é feito o cálculo do ITBI?;pergunta-084;Confirmar regra local
8;Qual a base de cálculo do ITBI?;32;Qual a base de cálculo do ITBI?;pergunta-085;Confirmar regra local
8;O que o contribuinte poderá fazer caso considere que o valor, apurado pela Prefeitura, está em desacordo com o valor de mercado?;32;O que o contribuinte poderá fazer caso considere que o valor, apurado pela Prefeitura, está em desacordo com o valor de mercado?;pergunta-086;Orientação geral / consultar serviço oficial
8;O que fazer em caso de perda ou extravio da guia de recolhimento do ITBI?;33;O que fazer em caso de perda ou extravio da guia de recolhimento do ITBI?;pergunta-087;Orientação geral / consultar serviço oficial
8;Quem deve apresentar a Declaração de Transação Imobiliária – DTI?;33;Quem deve apresentar os dados da transação imobiliária?;pergunta-088;Confirmar regra local
8;Qual o prazo para pagamento do ITBI?;34;Qual o prazo para pagamento do ITBI?;pergunta-089;Confirmar regra local
8;Quais são os valores que deverão ser pagos após o prazo estabelecido?;34;Quais são os valores que deverão ser pagos após o prazo estabelecido?;pergunta-090;Orientação geral / consultar serviço oficial
8;Em que caso o ITBI pode ser parcelado?;34;Em que caso o ITBI pode ser parcelado?;pergunta-091;Confirmar regra local
8;Onde obter a guia de recolhimento do ITBI?;35;Onde obter a guia de recolhimento do ITBI?;pergunta-092;Orientação geral / consultar serviço oficial
8;Quando o ITBI não é devido?;35;Quando o ITBI não é devido?;pergunta-093;Confirmar regra local
8;O que se analisa para estabelecer a atividade preponderante do adquirente para efeitos de não-incidência do ITBI?;35;O que se analisa para estabelecer a atividade preponderante do adquirente para efeitos de não-incidência do ITBI?;pergunta-094;Confirmar regra local
8;Qual a forma de solicitar a não-incidência do ITBI?;36;Qual a forma de solicitar a não-incidência do ITBI?;pergunta-095;Confirmar regra local
8;Quais são os casos de imunidade do ITBI?;36;Quais são os casos de imunidade do ITBI?;pergunta-096;Confirmar regra local
8;O que é necessário para solicitar o reconhecimento da imunidade do ITBI?;36;O que é necessário para solicitar o reconhecimento da imunidade do ITBI?;pergunta-097;Confirmar regra local
8;Quais são os casos de isenção do ITBI?;37;Quais são os casos de isenção do ITBI?;pergunta-098;Confirmar regra local
8;O que é necessário para solicitar a isenção do ITBI?;37;O que é necessário para solicitar a isenção do ITBI?;pergunta-099;Confirmar regra local
8;Onde obter informações específicas sobre a forma de cálculo do ITBI?;38;Onde obter informações específicas sobre a forma de cálculo do ITBI?;pergunta-100;Orientação geral / consultar serviço oficial
9;IMPOSTO SOBRE SERVIÇOS DE QUALQUER NATUREZA – ISS;38;ISS: incidência e responsabilidade;capitulo-09;Seção incluída
9;O que é o ISS?;38;O que é o ISS?;pergunta-102;Orientação geral / consultar serviço oficial
9;O ISS é devido independentemente de quais situações?;38;O ISS é devido independentemente de quais situações?;pergunta-103;Orientação geral / consultar serviço oficial
9;Quem é o contribuinte do ISS?;39;Quem é o contribuinte do ISS?;pergunta-104;Orientação geral / consultar serviço oficial
9;Quem é o responsável tributário do ISS?;39;Quem é o responsável tributário do ISS?;pergunta-105;Orientação geral / consultar serviço oficial
9;Quando o responsável tributário do ISS fica desobrigado de reter e pagar o imposto?;39;Quando o responsável tributário do ISS fica desobrigado de reter e pagar o imposto?;pergunta-106;Orientação geral / consultar serviço oficial
9;O que deverá ser feito por quem utilizar os serviços prestados por autônomos e sociedades de profissionais?;40;O que deverá ser feito por quem utilizar os serviços prestados por autônomos e sociedades de profissionais?;pergunta-107;Orientação geral / consultar serviço oficial
9;Quando o tomador de serviço torna-se responsável por reter e recolher o ISS?;40;Quando o tomador de serviço torna-se responsável por reter e recolher o ISS?;pergunta-108;Orientação geral / consultar serviço oficial
9;Quem é considerado pessoalmente responsável pelo ISS?;40;Quem é considerado pessoalmente responsável pelo ISS?;pergunta-109;Orientação geral / consultar serviço oficial
9;Qual o roteiro deve ser seguido para a correta aplicação da lei do ISS?;40;Qual o roteiro deve ser seguido para a correta aplicação da lei do ISS?;pergunta-110;Orientação geral / consultar serviço oficial
10;CÁLCULO, VENCIMENTO E PAGAMENTO DO ISS;41;ISS: cálculo, vencimento e pagamento;capitulo-10;Seção incluída
10;Como é feito o cálculo do ISS?;41;Como é feito o cálculo do ISS?;pergunta-112;Orientação geral / consultar serviço oficial
10;Qual é a alíquota a ser aplicada para o cálculo do ISS?;41;Qual é a alíquota a ser aplicada para o cálculo do ISS?;pergunta-113;Confirmar regra local
10;Qual é a base de cálculo do ISS?;41;Qual é a base de cálculo do ISS?;pergunta-114;Orientação geral / consultar serviço oficial
10;Como é feito o cálculo do ISS se não houver preço do serviço?;42;Como é feito o cálculo do ISS se não houver preço do serviço?;pergunta-115;Confirmar regra local
10;Em que casos o preço dos serviços poderá ser arbitrado pelas autoridades fiscais?;42;Em que casos o preço dos serviços poderá ser arbitrado pelas autoridades fiscais?;pergunta-116;Orientação geral / consultar serviço oficial
10;Qual é a data de vencimento do ISS?;42;Qual é a data de vencimento do ISS?;pergunta-117;Confirmar regra local
10;Por quanto tempo o contribuinte deve conservar os comprovantes de pagamento do ISS?;43;Por quanto tempo o contribuinte deve conservar os comprovantes de pagamento do ISS?;pergunta-118;Confirmar regra local
10;Como deve proceder quem não tem CCM para recolher o ISS?;43;Como recolher o ISS sem inscrição municipal?;pergunta-119;Orientação geral / consultar serviço oficial
11;CERTIFICADO DE QUITAÇÃO DO ISS PARA FINS DO HABITE-SE;44;ISS de obras e regularidade para o Habite-se;capitulo-11;Seção incluída
11;Como obter o certificado de quitação do ISS para fins do HABITE-SE?;44;Como obter o certificado de quitação do ISS para fins do HABITE-SE?;pergunta-121;Confirmar regra local
11;Como é apurado o ISS devido pela construção, reforma ou demolição?;44;Como é apurado o ISS devido pela construção, reforma ou demolição?;pergunta-122;Confirmar regra local
11;Se houver deduções, como proceder para obter o certificado de quitação do ISS (HABITE-SE)?;45;Se houver deduções, como proceder para obter o certificado de quitação do ISS (HABITE-SE)?;pergunta-123;Confirmar regra local
11;O que fará a unidade competente antes de fornecer o Certificado de Quitação do ISS para fins do HABITE-SE?;45;O que fará a unidade competente antes de fornecer o Certificado de Quitação do ISS para fins do HABITE-SE?;pergunta-124;Confirmar regra local
11;Onde obter mais informações e protocolar o pedido do Certificado de Quitação do ISS para fins do HABITE-SE?;45;Onde obter mais informações e protocolar o pedido do Certificado de Quitação do ISS para fins do HABITE-SE?;pergunta-125;Confirmar regra local
12;DESCONTOS, NÃO-INCIDÊNCIA, IMUNIDADE, ISENÇÃO E REGIMES ESPECIAIS DO ISS;45;ISS: benefícios e regimes especiais;capitulo-12;Seção incluída
12;Quais os casos em que não incide o ISS?;45;Quais os casos em que não incide o ISS?;pergunta-127;Confirmar regra local
12;Quem é imune do ISS?;46;Quem é imune do ISS?;pergunta-128;Confirmar regra local
12;Quem é isento do ISS?;46;Quem é isento do ISS?;pergunta-129;Confirmar regra local
12;Onde solicitar informações sobre imunidade e isenção do ISS;47;Onde solicitar informações sobre imunidade e isenção do ISS?;pergunta-130;Confirmar regra local
12;Quem tem desconto do ISS?;47;Quem tem desconto do ISS?;pergunta-131;Confirmar regra local
12;O que são os regimes especiais para pagamento, escrituração e emissão de documentos do ISS?;47;O que são os regimes especiais para pagamento, escrituração e emissão de documentos do ISS?;pergunta-132;Confirmar regra local
12;Onde obter mais informações sobre regimes especiais?;48;Onde obter mais informações sobre regimes especiais?;pergunta-133;Confirmar regra local
13;RECOLHIMENTO DO ISS PELAS SOCIEDADES DE PROFISSIONAIS E PELOS AUTÔNOMOS;48;ISS de sociedades de profissionais e autônomos;capitulo-13;Seção incluída
13;O que são sociedades de profissionais?;48;O que são sociedades de profissionais?;pergunta-135;Confirmar regra local
13;Quais sociedades se excluem do conceito de sociedade de profissionais?;48;Quais sociedades se excluem do conceito de sociedade de profissionais?;pergunta-136;Confirmar regra local
13;Como é o cálculo do ISS devido pelas sociedades de profissionais?;48;Como é o cálculo do ISS devido pelas sociedades de profissionais?;pergunta-137;Confirmar regra local
13;Quando será atualizada a receita bruta mensal das sociedades de profissionais?;49;Como verificar a atualização dos parâmetros de cálculo das sociedades de profissionais?;pergunta-138;Confirmar regra local
13;Qual é o vencimento do ISS para as sociedades de profissionais?;49;Qual é o vencimento do ISS para as sociedades de profissionais?;pergunta-139;Confirmar regra local
13;Quanto será o imposto no caso da sociedade de profissionais não exercer a prestação de serviços ou exercer somente em parte do período considerado?;50;Quanto será o imposto no caso da sociedade de profissionais não exercer a prestação de serviços ou exercer somente em parte do período considerado?;pergunta-140;Confirmar regra local
13;Quando vence o imposto no caso de cancelamento no CCM da sociedade de profissionais?;50;Como conferir o vencimento do ISS na baixa da sociedade de profissionais?;pergunta-141;Confirmar regra local
13;Quando vence o imposto no caso do início da atividade ocorrer no último mês do trimestre?;50;Como conferir o primeiro vencimento do ISS no início da atividade?;pergunta-142;Confirmar regra local
13;Quando vence o imposto no caso da data fixada para pagamento coincidir com dia não-útil?;50;Quando vence o imposto no caso da data fixada para pagamento coincidir com dia não-útil?;pergunta-143;Confirmar regra local
13;Como é atualmente o regime de recolhimento do ISS pelos profissionais autônomos?;50;Como é atualmente o regime de recolhimento do ISS pelos profissionais autônomos?;pergunta-144;Confirmar regra local
14;SIMPLES NACIONAL;50;Simples Nacional;capitulo-14;Seção incluída
14;O que é o Simples Nacional?;50;O que é o Simples Nacional?;pergunta-146;Orientação geral / consultar serviço oficial
14;Quais os municípios que participam do Simples Nacional?;51;Quais os municípios que participam do Simples Nacional?;pergunta-147;Orientação geral / consultar serviço oficial
14;Quais os tributos incluídos no Simples Nacional?;51;Quais os tributos incluídos no Simples Nacional?;pergunta-148;Orientação geral / consultar serviço oficial
14;Como aderir ao Simples Nacional?;51;Como aderir ao Simples Nacional?;pergunta-149;Orientação geral / consultar serviço oficial
14;Quando deve ser feita a opção pelo Simples Nacional?;51;Quando deve ser feita a opção pelo Simples Nacional?;pergunta-150;Confirmar regra local
14;Quem pode aderir ao Simples Nacional?;51;Quem pode aderir ao Simples Nacional?;pergunta-151;Orientação geral / consultar serviço oficial
14;Quais os casos em que a opção pelo Simples Nacional não será deferida?;51;Quais os casos em que a opção pelo Simples Nacional não será deferida?;pergunta-152;Orientação geral / consultar serviço oficial
14;Quais as pendências junto à Prefeitura que impedem o contribuinte de aderir ao Simples Nacional?;52;Quais as pendências junto à Prefeitura que impedem o contribuinte de aderir ao Simples Nacional?;pergunta-153;Orientação geral / consultar serviço oficial
14;Quais os casos em que o optante do Simples Nacional será excluído do regime?;52;Quais os casos em que o optante do Simples Nacional será excluído do regime?;pergunta-154;Orientação geral / consultar serviço oficial
14;Qual o prazo para regularizar os débitos tributários e permanecer no Simples Nacional?;52;Qual o prazo para regularizar os débitos tributários e permanecer no Simples Nacional?;pergunta-155;Confirmar regra local
14;Onde o contribuinte poderá recorrer do não-deferimento da opção ou da exclusão do Simples Nacional?;52;Onde o contribuinte poderá recorrer do não-deferimento da opção ou da exclusão do Simples Nacional?;pergunta-156;Orientação geral / consultar serviço oficial
14;Como esclarecer dúvidas sobre a legislação do Simples Nacional?;52;Como esclarecer dúvidas sobre a legislação do Simples Nacional?;pergunta-157;Orientação geral / consultar serviço oficial
15;LIVRO FISCAL;53;Escrituração e livros fiscais;capitulo-15;Seção incluída
15;Qual é o livro fiscal em vigor e para que serve?;53;Qual é o livro fiscal em vigor e para que serve?;pergunta-159;Confirmar regra local
15;Como utilizar o livro fiscal?;53;Como utilizar o livro fiscal?;pergunta-160;Confirmar regra local
15;Qual o prazo para escriturar e encerrar o livro fiscal?;53;Qual o prazo para escriturar e encerrar o livro fiscal?;pergunta-161;Confirmar regra local
15;O que deve ser feito no caso de extravio ou danificação de livro fiscal?;54;O que deve ser feito no caso de extravio ou danificação de livro fiscal?;pergunta-162;Orientação geral / consultar serviço oficial
15;Como proceder com os livros fiscais no caso de reativação do CCM?;54;Como proceder com os livros fiscais no caso de reativação do cadastro mobiliário?;pergunta-163;Confirmar regra local
16;NOTA FISCAL DE SERVIÇOS ELETRÔNICA– NFS-e;54;Nota Fiscal de Serviços Eletrônica;capitulo-16;Seção incluída
16;O que é a Nota Fiscal de Serviços Eletrônica – NFS-e?;54;O que é a Nota Fiscal de Serviços Eletrônica – NFS-e?;pergunta-165;Orientação geral / consultar serviço oficial
16;Qual a diferença entre a Nota Fiscal de Serviços Eletrônica – NFS-e e a Nota Fiscal Paulista – NFP?;55;Qual a diferença entre a NFS-e e os documentos de mercadorias ou programas estaduais?;pergunta-166;Orientação geral / consultar serviço oficial
16;Como funciona a Nota Fiscal Eletrônica?;55;Como funciona a Nota Fiscal Eletrônica?;pergunta-167;Orientação geral / consultar serviço oficial
16;Quem está obrigado a emitir a Nota Fiscal Eletrônica?;56;Quem está obrigado a emitir a Nota Fiscal Eletrônica?;pergunta-168;Confirmar regra local
16;Em caso de início de atividade, como verificar se há obrigatoriedade de emitir Nota Fiscal de Serviços Eletrônica?;56;Em caso de início de atividade, como verificar se há obrigatoriedade de emitir Nota Fiscal de Serviços Eletrônica?;pergunta-169;Confirmar regra local
16;Como emitir a Nota Fiscal de Serviços Eletrônica?;56;Como emitir a Nota Fiscal de Serviços Eletrônica?;pergunta-170;Confirmar regra local
16;Quando começa a vigorar a opção pela emissão da Nota Fiscal de Serviços Eletrônica?;56;Quando começa a vigorar a opção pela emissão da Nota Fiscal de Serviços Eletrônica?;pergunta-171;Confirmar regra local
16;Como fica a situação dos contribuintes que possuem regime especial de recolhimento do ISS (individual ou coletivo)?;57;Como fica a situação dos contribuintes que possuem regime especial de recolhimento do ISS (individual ou coletivo)?;pergunta-172;Confirmar regra local
16;Como fica a situação das entidades imunes do ISS?;57;Como fica a situação das entidades imunes do ISS?;pergunta-173;Confirmar regra local
16;O que é o Recibo Provisório de Serviços (RPS)?;57;O que é o Recibo Provisório de Serviços (RPS)?;pergunta-174;Orientação geral / consultar serviço oficial
16;Como gerar o RPS?;57;Como gerar o RPS?;pergunta-175;Confirmar regra local
16;Qual o prazo para substituir o RPS ou a nota fiscal convencional por NFS-e?;57;Qual o prazo para substituir o RPS ou a nota fiscal convencional por NFS-e?;pergunta-176;Confirmar regra local
16;Quais os benefícios para quem emite a Nota Fiscal de Serviços Eletrônica?;58;Quais os benefícios para quem emite a Nota Fiscal de Serviços Eletrônica?;pergunta-177;Orientação geral / consultar serviço oficial
16;Quais os benefícios para quem recebe a Nota Fiscal de Serviços Eletrônica?;58;Quais os benefícios para quem recebe a Nota Fiscal de Serviços Eletrônica?;pergunta-178;Orientação geral / consultar serviço oficial
16;Como recolher o ISS referente às Notas Fiscais de Serviços Eletrônicas?;58;Como recolher o ISS referente às Notas Fiscais de Serviços Eletrônicas?;pergunta-179;Orientação geral / consultar serviço oficial
16;Quem está dispensado de emitir a guia de recolhimento pelo sistema da NFS-e?;59;Quem está dispensado de emitir a guia de recolhimento pelo sistema da NFS-e?;pergunta-180;Confirmar regra local
16;Qual é a data de vencimento do ISS referente às Notas Fiscais Eletrônicas?;59;Qual é a data de vencimento do ISS referente às Notas Fiscais Eletrônicas?;pergunta-181;Confirmar regra local
16;Como verificar a autenticidade de uma NFS-e?;59;Como verificar a autenticidade de uma NFS-e?;pergunta-182;Orientação geral / consultar serviço oficial
16;Como saber se um estabelecimento deve a emitir a Nota Fiscal Eletrônica?;59;Como saber se um estabelecimento deve emitir NFS-e?;pergunta-183;Orientação geral / consultar serviço oficial
16;Como denunciar um estabelecimento que não emite Nota Fiscal Eletrônica?;60;Como denunciar um estabelecimento que não emite Nota Fiscal Eletrônica?;pergunta-184;Orientação geral / consultar serviço oficial
16;Como o tomador de serviços poderá consultar e utilizar o valor dos créditos gerados pelas Notas Fiscais Eletrônicas?;60;Há créditos de NFS-e para utilização pelo tomador em Aracaju?;pergunta-185;Confirmar regra local
16;Quais os tomadores de serviços que não farão jus aos créditos gerados pelas Notas Fiscais Eletrônicas?;60;Como verificar quem pode receber créditos de um programa de NFS-e?;pergunta-186;Confirmar regra local
16;Quais imóveis podem ser indicados para ter abatimento do IPTU?;60;É possível indicar um imóvel para abatimento de IPTU com créditos de NFS-e?;pergunta-187;Confirmar regra local
16;Qual é a validade dos créditos gerados pelas Notas Fiscais Eletrônicas?;61;Como conferir a validade de créditos de um programa de NFS-e?;pergunta-188;Confirmar regra local
17;DECLARAÇÃO DE INSTITUIÇÕES FINANCEIRAS - DIF;61;Declarações de instituições financeiras;capitulo-17;Seção incluída
17;O que é a declaração de instituições financeiras (DIF)?;61;O que é a declaração fiscal de instituições financeiras?;pergunta-190;Confirmar regra local
17;Quem é obrigado a apresentar a DIF?;61;Quem deve apresentar declaração de instituição financeira?;pergunta-191;Confirmar regra local
17;Quais são os prazos de entrega da DIF?;62;Como conferir os prazos da declaração de instituição financeira?;pergunta-192;Confirmar regra local
18;TAXA DE FISCALIZAÇÃO DE ESTABELECIMENTO - TFE;62;Estabelecimentos: licenciamento e taxas;capitulo-18;Seção incluída
18;O que é a TFE?;62;O que são as taxas de fiscalização e licenciamento de estabelecimentos?;pergunta-194;Confirmar regra local
18;Qual o fato gerador da TFE?;62;Qual o fato gerador da taxa de estabelecimentos?;pergunta-195;Confirmar regra local
18;O que é estabelecimento para fins da TFE?;62;O que é considerado estabelecimento para fins de fiscalização e licenciamento?;pergunta-196;Confirmar regra local
18;Qual a importância do nome do estabelecimento para fins da TFE?;63;O nome comercial altera o enquadramento do estabelecimento?;pergunta-197;Confirmar regra local
18;Quem é o sujeito passivo da TFE?;63;Quem é o sujeito passivo da taxa de estabelecimentos?;pergunta-198;Confirmar regra local
18;Quem deve lançar a TFE?;63;Quem deve lançar a taxa de estabelecimentos?;pergunta-199;Confirmar regra local
18;Como é calculada a TFE?;64;Como é calculada a taxa de estabelecimentos?;pergunta-200;Confirmar regra local
18;Quais os conceitos de atividades para fins da TFE?;64;Como são classificadas as atividades para fins da taxa?;pergunta-201;Confirmar regra local
18;Quando ocorre o fato gerador e incide a TFE?;64;Quando ocorre a incidência da taxa de estabelecimentos?;pergunta-202;Confirmar regra local
18;Como e quando recolher a TFE de incidência anual?;65;Como e quando recolher a taxa de estabelecimentos de incidência anual?;pergunta-203;Confirmar regra local
18;Como e quando recolher a TFE de incidência mensal?;65;Como e quando recolher a taxa de estabelecimentos de incidência mensal?;pergunta-204;Confirmar regra local
18;Como e quando recolher a TFE de incidência diária ou por evento?;65;Como e quando recolher a taxa de estabelecimentos de incidência diária ou por evento?;pergunta-205;Confirmar regra local
18;Como emitir a 2ª via da guia de pagamento da TFE?;66;Como emitir a 2ª via da guia de pagamento da taxa de estabelecimentos?;pergunta-206;Confirmar regra local
18;O que mais deve ser observado sobre o recolhimento da TFE?;66;O que mais deve ser observado sobre o recolhimento da taxa de estabelecimentos?;pergunta-207;Confirmar regra local
18;Quem está isento do pagamento da TFE?;66;Quem está isento do pagamento da taxa de estabelecimentos?;pergunta-208;Confirmar regra local
18;Onde solicitar informações e requerimentos sobre isenções da TFE?;66;Onde solicitar informações e requerimentos sobre isenções da taxa de estabelecimentos?;pergunta-209;Confirmar regra local
18;Quem não está sujeito à incidência da TFE?;66;Quem não está sujeito à incidência da taxa de estabelecimentos?;pergunta-210;Confirmar regra local
18;Como tirar outras dúvidas sobre TFE?;67;Como tirar outras dúvidas sobre taxa de estabelecimentos?;pergunta-211;Confirmar regra local
19;TAXA DE FISCALIZAÇÃO DE ANÚNCIOS - TFA;67;Publicidade: licenciamento e taxas;capitulo-19;Seção incluída
19;O que é a TFA?;67;O que é a cobrança relacionada à fiscalização de anúncios?;pergunta-213;Confirmar regra local
19;O que são anúncios para efeito da TFA?;67;O que são anúncios para efeito da taxa relacionada à publicidade?;pergunta-214;Confirmar regra local
19;Quem é o sujeito passivo da TFA?;67;Quem é o sujeito passivo da taxa relacionada à publicidade?;pergunta-215;Confirmar regra local
19;Como é calculada a TFA?;68;Como é calculada a taxa relacionada à publicidade?;pergunta-216;Confirmar regra local
19;Quem deve calcular a TFA?;68;Quem deve calcular a taxa relacionada à publicidade?;pergunta-217;Confirmar regra local
19;Quando ocorre o fato gerador e incide a TFA?;69;Quando ocorre o fato gerador e incide a taxa relacionada à publicidade?;pergunta-218;Confirmar regra local
19;Quais os casos que não afastam a incidência e o pagamento da TFA?;69;Quais os casos que não afastam a incidência e o pagamento da taxa relacionada à publicidade?;pergunta-219;Confirmar regra local
19;Como e quando recolher a TFA de incidência anual?;69;Como e quando recolher a taxa relacionada à publicidade de incidência anual?;pergunta-220;Confirmar regra local
19;Como e quando recolher a TFA de incidência mensal?;70;Como e quando recolher a taxa relacionada à publicidade de incidência mensal?;pergunta-221;Confirmar regra local
19;Como e quando recolher a TFA de incidência por evento?;70;Como e quando recolher a taxa relacionada à publicidade de incidência por evento?;pergunta-222;Confirmar regra local
19;Como emitir a 2ª via da guia de pagamento da TFA?;70;Como emitir a 2ª via da guia de pagamento da taxa relacionada à publicidade?;pergunta-223;Confirmar regra local
19;O que mais deve ser observado sobre o recolhimento da TFA?;70;O que mais deve ser observado sobre o recolhimento da taxa relacionada à publicidade?;pergunta-224;Confirmar regra local
19;Quais anúncios não estão sujeitos à incidência da TFA?;70;Quais anúncios não estão sujeitos à incidência da taxa relacionada à publicidade?;pergunta-225;Confirmar regra local
19;Onde requerer da isenção da TFA e obter outras informações sobre não-incidência e isenções?;72;Onde requerer da isenção da taxa relacionada à publicidade e obter outras informações sobre não-incidência e isenções?;pergunta-226;Confirmar regra local
19;Como tirar outras dúvidas sobre TFA?;72;Como tirar outras dúvidas sobre taxa relacionada à publicidade?;pergunta-227;Confirmar regra local
20;TAXA DE RESÍDUOS SÓLIDOS DE SERVIÇOS DE SAÚDE - TRSS;72;Resíduos de serviços de saúde;capitulo-20;Seção incluída
20;O que é a TRSS?;72;Existe taxa municipal relacionada aos resíduos de serviços de saúde?;pergunta-229;Confirmar regra local
20;O que são resíduos sólidos para fins da TRSS?;72;O que são resíduos de serviços de saúde?;pergunta-230;Confirmar regra local
20;Qual o fato gerador da TRSS?;73;Como verificar o fato gerador de eventual taxa sobre resíduos de saúde?;pergunta-231;Confirmar regra local
20;Quem é o sujeito passivo da TRSS?;73;Quem é o sujeito passivo da eventual taxa sobre resíduos de saúde?;pergunta-232;Confirmar regra local
20;O que é estabelecimento gerador de resíduos sólidos para fins da TRSS?;73;O que é estabelecimento gerador de resíduos sólidos para fins da eventual taxa sobre resíduos de saúde?;pergunta-233;Confirmar regra local
20;Como é calculada a TRSS?;73;Como verificar o cálculo de eventual taxa sobre resíduos de saúde?;pergunta-234;Confirmar regra local
20;Quando ocorre o fato gerador e vence a TRSS?;73;Como conferir a incidência e o vencimento de eventual taxa sobre resíduos de saúde?;pergunta-235;Confirmar regra local
20;Como é lançada a TRSS?;73;Como verificar o lançamento de eventual taxa sobre resíduos de saúde?;pergunta-236;Confirmar regra local
20;Como emitir a 2ª via da guia de pagamento da TRSS?;74;Como solicitar segunda via de eventual cobrança municipal sobre resíduos de saúde?;pergunta-237;Confirmar regra local
21;CONTRIBUIÇÃO DE MELHORIA;74;Contribuição de melhoria;capitulo-21;Seção incluída
21;O que é a Contribuição de Melhoria?;74;O que é a Contribuição de Melhoria?;pergunta-239;Orientação geral / consultar serviço oficial
21;Qual o fato gerador da Contribuição de Melhoria?;74;Qual o fato gerador da Contribuição de Melhoria?;pergunta-240;Confirmar regra local
21;Quem é o sujeito passivo da Contribuição de Melhoria?;74;Quem é o sujeito passivo da Contribuição de Melhoria?;pergunta-241;Confirmar regra local
21;Como é calculada a Contribuição de Melhoria?;75;Como é calculada a Contribuição de Melhoria?;pergunta-242;Confirmar regra local
21;Como é lançada e notificada a Contribuição de Melhoria?;75;Como é lançada e notificada a Contribuição de Melhoria?;pergunta-243;Confirmar regra local
21;Como é feita a arrecadação da Contribuição de Melhoria?;75;Como é feita a arrecadação da Contribuição de Melhoria?;pergunta-244;Confirmar regra local
21;Como deve ser feito o pagamento da Contribuição de Melhoria?;75;Como deve ser feito o pagamento da Contribuição de Melhoria?;pergunta-245;Confirmar regra local
21;Qual o valor da Contribuição de Melhoria se esta não for paga até a data do vencimento?;75;Qual o valor da Contribuição de Melhoria se esta não for paga até a data do vencimento?;pergunta-246;Confirmar regra local
21;Como emitir a 2ª via da guia de pagamento da Contribuição de Melhoria?;76;Como emitir a 2ª via da guia de pagamento da Contribuição de Melhoria?;pergunta-247;Confirmar regra local
21;Como reclamar de incorreção dos dados do lançamento da Contribuição de Melhoria?;76;Como reclamar de incorreção dos dados do lançamento da Contribuição de Melhoria?;pergunta-248;Confirmar regra local
21;Quem está isento da Contribuição de Melhoria?;76;Quem está isento da Contribuição de Melhoria?;pergunta-249;Confirmar regra local
21;Como solicitar a isenção da Contribuição de Melhoria?;76;Como solicitar a isenção da Contribuição de Melhoria?;pergunta-250;Confirmar regra local
21;Onde solicitar informações sobre o andamento do processo de pedido de isenção?;77;Onde solicitar informações sobre o andamento do processo de pedido de isenção?;pergunta-251;Confirmar regra local
21;Em quais casos não incide a Contribuição de Melhoria?;77;Em quais casos não incide a Contribuição de Melhoria?;pergunta-252;Confirmar regra local
22;CONTRIBUIÇÃO PARA CUSTEIO DA ILUMINAÇÃO PÚBLICA - COSIP;77;Iluminação pública e COCIP;capitulo-22;Seção incluída
22;O que é a COSIP?;77;O que é a COCIP de Aracaju?;pergunta-254;Orientação geral / consultar serviço oficial
22;Quem deve pagar a COSIP?;77;Quem deve pagar a COCIP?;pergunta-255;Confirmar regra local
22;Como é cobrada a COSIP?;77;Como é cobrada a COCIP?;pergunta-256;Confirmar regra local
22;Como é reajustada a COSIP?;77;Como é reajustada a COCIP?;pergunta-257;Confirmar regra local
22;Quem está isento da COSIP?;78;Quem está isento da COCIP?;pergunta-258;Confirmar regra local
23;CADASTRO DE CONTRIBUINTES MOBILIÁRIOS – CCM;78;Cadastro mobiliário e inscrição municipal;capitulo-23;Seção incluída
23;O que é CCM?;78;O que é o cadastro mobiliário e a inscrição municipal?;pergunta-260;Orientação geral / consultar serviço oficial
23;Quem deve se inscrever no CCM?;78;Quem deve se inscrever no cadastro mobiliário?;pergunta-261;Confirmar regra local
23;Quando o sujeito passivo deve se inscrever no CCM?;79;Quando o sujeito passivo deve se inscrever no cadastro mobiliário?;pergunta-262;Confirmar regra local
23;Como fazer a inscrição, alteração e cancelamento do CCM?;79;Como fazer a inscrição, alteração e cancelamento do cadastro mobiliário?;pergunta-263;Confirmar regra local
23;Como fazer a inscrição on-line?;79;Como fazer a inscrição on-line?;pergunta-264;Confirmar regra local
23;Como e quando fazer o cancelamento da inscrição no CCM?;79;Como e quando fazer o cancelamento da inscrição no cadastro mobiliário?;pergunta-265;Confirmar regra local
23;Como e quando efetuar alteração de dados cadastrais no CCM?;80;Como e quando efetuar alteração de dados cadastrais no cadastro mobiliário?;pergunta-266;Confirmar regra local
23;Como a Secretaria Municipal de Finanças e Desenvolvimento Econômico pode atualizar seus cadastros?;80;Como a SEMFAZ pode atualizar seus cadastros?;pergunta-267;Orientação geral / consultar serviço oficial
23;Como promover a reativação de inscrição no CCM?;81;Como promover a reativação de inscrição no cadastro mobiliário?;pergunta-268;Confirmar regra local
23;Quais os casos de reativação do CCM em que os tributos relativos ao período desativado não precisam ser pagos?;81;Quais os casos de reativação do cadastro mobiliário em que os tributos relativos ao período desativado não precisam ser pagos?;pergunta-269;Confirmar regra local
23;O que é a Ficha de Dados Cadastrais (FDC)?;81;O que é o documento de dados cadastrais do contribuinte?;pergunta-270;Orientação geral / consultar serviço oficial
24;CADASTRO DE PRESTADORES DE OUTROS MUNICÍPIOS - CPOM;82;Prestadores de outros municípios;capitulo-24;Seção incluída
24;O que é o CPOM?;82;O que significa CPOM e como tratar esse tema em Aracaju?;pergunta-272;Confirmar regra local
24;Quem está obrigado a inscrever-se no CPOM?;82;Existe obrigação local de cadastro para prestadores de outros municípios?;pergunta-273;Confirmar regra local
24;Quais são as etapas previstas para o cadastro no CPOM?;82;Como verificar as etapas de eventual cadastro de prestador externo?;pergunta-274;Confirmar regra local
24;Como é feita a inscrição no CPOM?;83;Como verificar o canal de eventual inscrição de prestador externo?;pergunta-275;Confirmar regra local
24;Qual o procedimento após o preenchimento do formulário eletrônico?;83;Como proceder após preencher um formulário de cadastro aplicável?;pergunta-276;Confirmar regra local
24;Quais são os documentos que devem ser encaminhados para a Secretaria Municipal de Finanças e Desenvolvimento Econômico para inscrição no CPOM?;83;Quais documentos podem ser exigidos em eventual cadastro de prestador externo?;pergunta-277;Confirmar regra local
24;Quando são dispensadas as fotografias das instalações internas do estabelecimento?;83;Há exigência ou dispensa de fotografias do estabelecimento?;pergunta-278;Confirmar regra local
24;Qual o prazo para a Prefeitura inscrever o prestador de serviços?;84;Como conferir o prazo de análise de eventual cadastro de prestador externo?;pergunta-279;Confirmar regra local
24;Como o prestador pode verificar a situação de sua inscrição e esclarecer dúvidas?;84;Como consultar uma inscrição e esclarecer dúvidas sobre prestador externo?;pergunta-280;Confirmar regra local
24;O que fazer se o pedido de inscrição não for deferido?;84;Como contestar o indeferimento de um pedido cadastral municipal?;pergunta-281;Confirmar regra local
24;Como o prestador será identificado no CPOM?;84;Como identificar o prestador em eventual cadastro municipal?;pergunta-282;Confirmar regra local
24;Como o tomador de serviços pode verificar se o prestador de serviços está cadastrado?;84;Como conferir os dados cadastrais de um prestador de serviços?;pergunta-283;Confirmar regra local
24;O que deve fazer o tomador do serviço (Pessoa Jurídica) se o prestador que estiver obrigado a inscrever-se no CPOM não o fizer?;85;A ausência de cadastro do prestador externo autoriza retenção automática do ISS?;pergunta-284;Confirmar regra local
24;O que fará a Secretaria Municipal de Finanças e Desenvolvimento Econômico se o prestador não atualizar seus dados?;85;Como verificar as consequências da falta de atualização cadastral?;pergunta-285;Confirmar regra local
25;CADIN MUNICIPAL;85;Pendências e cadastros informativos;capitulo-25;Seção incluída
25;O que é o Cadastro Informativo Municipal - CADIN MUNICIPAL?;85;O que é um cadastro informativo de pendências e como verificar sua existência local?;pergunta-287;Confirmar regra local
25;Quem faz as inclusões e as exclusões dos devedores no CADIN MUNICIPAL?;86;Quem é responsável por incluir ou excluir uma pendência de um cadastro?;pergunta-288;Confirmar regra local
25;Quais são os procedimentos efetuados pela Administração e prazo para a inclusão de pendências no CADIN MUNICIPAL;86;Como verificar os procedimentos e prazos de inclusão de pendências?;pergunta-289;Confirmar regra local
25;Como fazer para regularizar a pendência?;86;Como fazer para regularizar a pendência?;pergunta-290;Orientação geral / consultar serviço oficial
25;Quais as informações que constam no CADIN MUNICIPAL?;86;Quais informações podem constar de um cadastro de pendências?;pergunta-291;Confirmar regra local
25;Depois de regularizada a situação, em quanto tempo o nome do devedor será excluído do CADIN MUNICIPAL?;87;Como acompanhar a baixa após regularizar a situação?;pergunta-292;Confirmar regra local
25;Quem é obrigado a fazer consulta prévia ao CADIN MUNICIPAL?;87;Quando é exigida consulta prévia a um cadastro de pendências?;pergunta-293;Confirmar regra local
25;Quais os débitos municipais que podem ser incluídos no CADIN MUNICIPAL?;87;Quais débitos podem ser registrados em cadastro informativo?;pergunta-294;Confirmar regra local
25;Como fazer para acessar e consultar sua situação no CADIN MUNICIPAL?;87;Como consultar a situação de uma pendência municipal?;pergunta-295;Confirmar regra local
25;Em que casos o registro no CADIN ficará suspenso?;88;Em que situações um registro de pendência pode ficar suspenso?;pergunta-296;Confirmar regra local
26;SENHA WEB;88;Acesso aos serviços e senha;capitulo-26;Seção incluída
26;O que é a senha web?;88;O que é a senha web?;pergunta-298;Orientação geral / consultar serviço oficial
26;O que permite a senha web?;88;O que permite a senha web?;pergunta-299;Orientação geral / consultar serviço oficial
26;Quando a senha web é obrigatória?;88;Quando a senha web é obrigatória?;pergunta-300;Confirmar regra local
26;Como cadastrar a senha web?;88;Como cadastrar a senha web?;pergunta-301;Confirmar regra local
26;Quando é desbloqueada a senha?;89;Quando é desbloqueada a senha?;pergunta-302;Confirmar regra local
27;PARCELAMENTO ADMINISTRATIVO DE DÉBITOS TRIBUTÁRIOS - PAT;89;Parcelamento de débitos municipais;capitulo-27;Seção incluída
27;O que é o PAT?;89;O que é o parcelamento de débitos municipais?;pergunta-304;Orientação geral / consultar serviço oficial
27;Quem seleciona os débitos a serem incluídos no PAT?;89;Quem seleciona os débitos do parcelamento?;pergunta-305;Orientação geral / consultar serviço oficial
27;Quais débitos podem ser incluídos no PAT?;89;Quais débitos podem ser incluídos no parcelamento?;pergunta-306;Confirmar regra local
27;Como aderir ao PAT?;89;Como solicitar parcelamento de débitos municipais?;pergunta-307;Orientação geral / consultar serviço oficial
27;Qual roteiro deve ser seguido para aderir ao PAT?;89;Quais etapas seguir para aderir ao parcelamento?;pergunta-308;Orientação geral / consultar serviço oficial
27;O que implica a formalização do PAT em relação a defesas e recursos administrativos?;90;Quais são os efeitos da adesão sobre defesas e recursos?;pergunta-309;Confirmar regra local
27;Qual o prazo para adesão ao PAT?;90;Como conferir o prazo para adesão ao parcelamento?;pergunta-310;Confirmar regra local
27;Quantas parcelas são permitidas no PAT?;90;Como verificar quantas parcelas são permitidas?;pergunta-311;Confirmar regra local
27;Quais os benefícios para quem adere ao PAT?;90;Quais benefícios podem existir no parcelamento?;pergunta-312;Confirmar regra local
27;Quando vencem as parcelas do PAT?;91;Como conferir o vencimento das parcelas?;pergunta-313;Confirmar regra local
27;Quais as situações que implicam em rompimento e exclusão do sujeito passivo do PAT?;91;Quais situações podem causar a rescisão do parcelamento?;pergunta-314;Confirmar regra local
27;O que acontece se o PAT for rompido?;91;O que acontece se o parcelamento for rescindido?;pergunta-315;Confirmar regra local
27;Quantos parcelamentos são permitidos?;91;Como verificar limites de parcelamento e reparcelamento?;pergunta-316;Confirmar regra local
27;É permitido antecipar parcelas do PAT?;91;É possível antecipar parcelas do acordo?;pergunta-317;Confirmar regra local
28;CERTIDÕES;92;Certidões e acompanhamento de processos;capitulo-28;Seção incluída
28;Quem pode solicitar certidão?;92;Quem pode solicitar certidão?;pergunta-319;Orientação geral / consultar serviço oficial
28;Como solicitar as Certidões Imobiliárias?;92;Como solicitar as Certidões Imobiliárias?;pergunta-320;Orientação geral / consultar serviço oficial
28;Quais os tipos de certidões existentes?;92;Quais os tipos de certidões existentes?;pergunta-321;Orientação geral / consultar serviço oficial
28;Quais as certidões imobiliárias emitidas?;92;Quais as certidões imobiliárias emitidas?;pergunta-322;Confirmar regra local
28;Quais as certidões mobiliárias emitidas?;93;Quais as certidões mobiliárias emitidas?;pergunta-323;Confirmar regra local
28;O que é a declaração cadastral?;93;O que é a declaração cadastral?;pergunta-324;Orientação geral / consultar serviço oficial
28;Para que serve a Certidão Negativa de Tributos Mobiliários?;93;Para que serve a Certidão Negativa de Tributos Mobiliários?;pergunta-325;Orientação geral / consultar serviço oficial
28;Como emitir a Certidão Negativa de Tributos Mobiliários e confirmar sua autenticidade?;93;Como emitir a Certidão Negativa de Tributos Mobiliários e confirmar sua autenticidade?;pergunta-326;Orientação geral / consultar serviço oficial
28;Como órgãos da Administração Pública podem solicitar a verificação de certidões?;94;Como órgãos da Administração Pública podem solicitar a verificação de certidões?;pergunta-327;Orientação geral / consultar serviço oficial
28;Como requerer Certidões de Tributos Mobiliários que não puderem ser obtidas pela Internet?;94;Como requerer Certidões de Tributos Mobiliários que não puderem ser obtidas pela Internet?;pergunta-328;Orientação geral / consultar serviço oficial
28;Qual o prazo para emissão e qual o prazo de validade das Certidões de Tributos Mobiliários?;94;Qual o prazo para emissão e qual o prazo de validade das Certidões de Tributos Mobiliários?;pergunta-329;Confirmar regra local
28;Como consultar os textos da legislação tributária municipal?;95;Como consultar os textos da legislação tributária municipal?;pergunta-330;Orientação geral / consultar serviço oficial
28;Como acompanhar o processo administrativo que tramita na Prefeitura?;95;Como acompanhar o processo administrativo que tramita na Prefeitura?;pergunta-331;Orientação geral / consultar serviço oficial
29;CERTIFICADO DIGITAL;95;Certificado digital;capitulo-29;Seção incluída
29;O que é um Certificado Digital?;95;O que é um Certificado Digital?;pergunta-333;Orientação geral / consultar serviço oficial
29;Quem são as Pessoas Jurídicas obrigadas à utilização do Certificado Digital?;95;Quem são as Pessoas Jurídicas obrigadas à utilização do Certificado Digital?;pergunta-334;Confirmar regra local
29;Quem são as Pessoas Jurídicas que não estão obrigadas à utilização do Certificado Digital?;96;Quem são as Pessoas Jurídicas que não estão obrigadas à utilização do Certificado Digital?;pergunta-335;Confirmar regra local
29;Qual certificado deverá ser utilizado na NFS-e?;96;Qual certificado deverá ser utilizado na NFS-e?;pergunta-336;Confirmar regra local
29;Onde adquirir o Certificado Digital?;96;Onde adquirir o Certificado Digital?;pergunta-337;Orientação geral / consultar serviço oficial
29;Onde obter informações sobre o Certificado Digital?;96;Onde obter informações sobre o Certificado Digital?;pergunta-338;Orientação geral / consultar serviço oficial
29;Como o sistema da NFS-e poderá ser acessado por meio de Certificado Digital de Pessoa Física?;97;Como o sistema da NFS-e poderá ser acessado por meio de Certificado Digital de Pessoa Física?;pergunta-339;Confirmar regra local
29;Caso o sistema da NFS-e seja acessado por Pessoa Física, qual Certificado Digital deverá ser utilizado?;97;Caso o sistema da NFS-e seja acessado por Pessoa Física, qual Certificado Digital deverá ser utilizado?;pergunta-340;Confirmar regra local
29;Os contadores e as empresas de contabilidade são obrigados à utilização do Certificado Digital?;98;Os contadores e as empresas de contabilidade são obrigados à utilização do Certificado Digital?;pergunta-341;Confirmar regra local
29;A senha do Certificado Digital pode ser informada para terceiros?;98;A senha do Certificado Digital pode ser informada para terceiros?;pergunta-342;Orientação geral / consultar serviço oficial
29;Os Certificados Digitais e-CNPJ e PJ NFS-e poderão ser utilizados para acessar o sistema da NFS-e da Prefeitura de São Paulo?;98;Quais certificados e perfis são aceitos no emissor de NFS-e utilizado?;pergunta-343;Confirmar regra local
29;As Pessoas Jurídicas obrigadas à utilização do Certificado Digital também estão obrigadas à emissão da NFS-e por meio do WebService?;98;As Pessoas Jurídicas obrigadas à utilização do Certificado Digital também estão obrigadas à emissão da NFS-e por meio do WebService?;pergunta-344;Confirmar regra local
30;DOMICÍLIO ELETRÔNICO DO CIDADÃO PAULISTANO - DEC;98;Domicílio Eletrônico;capitulo-30;Seção incluída
30;O que é o Domicílio Eletrônico do Cidadão Paulistano - DEC?;98;O que é o Domicílio Eletrônico de Aracaju?;pergunta-346;Orientação geral / consultar serviço oficial
30;Quem é obrigado a credenciar-se no DEC?;99;Quem deve se credenciar no Domicílio Eletrônico?;pergunta-347;Confirmar regra local
30;Qual o tipo de Certificação Digital aceito?;99;Como verificar as formas de autenticação aceitas?;pergunta-348;Confirmar regra local
30;Quais os casos em que a Secretaria Municipal de Finanças e Desenvolvimento Econômico pode comunicar-se eletronicamente com o sujeito passivo?;99;Quais os casos em que a SEMFAZ pode comunicar-se eletronicamente com o sujeito passivo?;pergunta-349;Confirmar regra local
30;Qual a data em que a comunicação é considerada como realizada?;99;Qual a data em que a comunicação é considerada como realizada?;pergunta-350;Confirmar regra local
30;Quais os serviços que serão disponibilizados ao sujeito passivo credenciado no DEC?;100;Quais serviços estão disponíveis no Domicílio Eletrônico?;pergunta-351;Confirmar regra local
31;ANEXO - TELEFONES E ENDEREÇOS DAS SUBPREFEITURAS;100;Atendimento: contatos e endereços;capitulo-31;Seção incluída
